{
    "common": 50,
    "uncommon": 25,
    "rare": 15,
    "epic": 5,
    "legendary": 3,
    "mythical": 1,
    "perfect": 0.5,
    "heavenly": 0.25,
    "godly": 0.15,
    "otherworldly": 0.05,
    "sunlight": 0.03,
    "moonlight": 0.01,
    "stellar": 0.005,
    "cosmic": 0.0025,
    "galactic": 0.0015,
    "universal": 0.0005,
    "celestial": 0.00025,
    "millenial": 0.00015,
    "eternal": 0.00005,
    "divine": 0.00003,
    "sacred": 0.00001,
    "prismatic": 0.000005,
    "radiant": 0.0000025,
    "illustrious": 0.0000015,
    "magnificent": 0.0000005,
    "shining": 0.00000025,
    "amethyst": 0.00000015,
    "emerald": 0.00000005,
    "ruby": 0.00000003,
    "sapphire": 0.00000001,
    "diamond": 0.000000005,
    "topaz": 0.0000000025,
    "opal": 0.0000000015,
    "pearl": 0.0000000005,
    "clean": 0.00000000025,
    "pristine": 0.00000000015,
    "pure": 0.00000000005,
    "flawless": 0.00000000003,
    "whole": 0.00000000001,
    "hollow": 0.000000000005,
    "empty": 0.0000000000025,
    "void": 0.0000000000015,
    "dark": 0.0000000000005,
    "shadow": 0.00000000000025,
    "dusk": 0.00000000000015,
    "cruel": 0.00000000000005,
    "evil": 0.00000000000003,
    "mystic": 0.00000000000001,
    "magic": 0.000000000000005,
    "enchanted": 0.0000000000000025,
    "charmed": 0.0000000000000015,
    "cursed": 0.0000000000000005,
    "bound": 0.00000000000000025,
    "leashed": 0.00000000000000015,
    "acidic": 0.00000000000000005,
    "treasured": 0.00000000000000003,
    "ancient": 0.00000000000000001,
    "fabled": 0.000000000000000005,
    "holy": 0.0000000000000000025,
    "unholy": 0.0000000000000000015,
    "true": 0.0000000000000000005,
    "hidden": 0.0000000000000000003,
    "failed": 0.000000000000000000199999999999999999999999999999999999999999999999999999999999999999999999,
    "complete": 0.0000000000000000000000000000000000000000000000000000000000000000000000000000000000000000001

}